0.000000000000000000e+00,0.000000000000000000e+00,0.000000000000000000e+00
0.000000000000000000e+00,0.000000000000000000e+00,0.000000000000000000e+00
0.000000000000000000e+00,0.000000000000000000e+00,8.882432577820749148e-04
0.000000000000000000e+00,0.000000000000000000e+00,2.664729773346224961e-03
0.000000000000000000e+00,0.000000000000000000e+00,5.315437593487746040e-03
7.744570388100837454e-07,4.174129016247234511e-07,8.788138986933834162e-03
7.502822654973174568e-06,2.298073713585591893e-06,1.307142800268691271e-02
3.371443162287116155e-05,7.071921638912384012e-06,1.816475472412808559e-02
1.021291930484615590e-04,1.667492499375557174e-05,2.407026732251456649e-02
2.446170476161503137e-04,3.362749702832251979e-05,3.079015869338892417e-02
5.003703906405263099e-04,6.096429510355467845e-05,3.830582294220955669e-02
9.112297229920368440e-04,1.029184888938296282e-04,4.656223721591959408e-02
1.522323017696692758e-03,1.679408855438065996e-04,5.551863404819360609e-02
2.373992055603599965e-03,2.693060267663254567e-04,6.510025778178141209e-02
3.497791918734118391e-03,4.216280697079525814e-04,7.519962422244451383e-02
4.920416690340606233e-03,6.384103394430816697e-04,8.572295974463092771e-02
6.663422614584400307e-03,9.308472857197914140e-04,9.658833136468229774e-02
8.744487217031287479e-03,1.308635308358957992e-03,1.077232638065507009e-01
1.117792639916849462e-02,1.780113342026054014e-03,1.190632861026519468e-01
1.397521047092934766e-02,2.352489097804809099e-03,1.305507011987989130e-01
1.714534566604658528e-02,3.031995817137956694e-03,1.421336300951202558e-01
2.069518945804309229e-02,3.824023460731000839e-03,1.537652514509812440e-01
2.462971366010237306e-02,4.733227400635205140e-03,1.654031977479553106e-01
2.895223105279376777e-02,5.763621281505164687e-03,1.770090740809811825e-01
3.366459533219977318e-02,6.918658227066035518e-03,1.885480736016511560e-01
3.876738100061147274e-02,8.201303378073792824e-03,1.999886692122322673e-01
4.426004740929416481e-02,9.614099811149016961e-03,2.113023655050773331e-01
5.014108946839390679e-02,1.115922920835025339e-02,2.224634983711047120e-01
5.640817635853304091e-02,1.283856815460460848e-02,2.334490723944991075e-01
6.305827878130228215e-02,1.465374058709062628e-02,2.442386282693460309e-01
7.008778477201851875e-02,1.660616667184066850e-02,2.548141341361782608e-01
7.749260379222847051e-02,1.869710821105229070e-02,2.651598960311634667e-01
8.526825866385849551e-02,2.092771056904901492e-02,2.752624836359641725e-01
9.340996485792593673e-02,2.329904102950237921e-02,2.851106682656712188e-01
1.019126966757509245e-01,2.581212344925523997e-02,2.946953705787981326e-01
1.107712399361060196e-01,2.846796904585313301e-02,3.040096158727818576e-01
1.199802308916027016e-01,3.126760314026678228e-02,3.130484950709910286e-01
1.295341812317453989e-01,3.421208766907669202e-02,3.218091296392248668e-01
1.394274891831707164e-01,3.730253927925246404e-02,3.302906387147580558e-01
1.496544368879021980e-01,4.054014282283899956e-02,3.384941067111586488e-01
1.602091744286753550e-01,4.392616007891450569e-02,3.464225495985607250e-01
1.710856910784447349e-01,4.746193354767989231e-02,3.540808779728038536e-01
1.822777745810385264e-01,5.114888518874805695e-02,3.614758549390509335e-01
1.937789595223939620e-01,5.498851001524885512e-02,3.686160467676358188e-01
2.055824661254445629e-01,5.898236450983700141e-02,3.755117642534318012e-01
2.176811310918590758e-01,6.313204990017481921e-02,3.821749927457014917e-01
2.300673324118338026e-01,6.743919042114157603e-02,3.886193089320679750e-01
2.427329103561412793e-01,7.190540679869841800e-02,3.948597826734721594e-01
2.556690871356942507e-01,7.653228531412469005e-02,4.009128625072271301e-01
2.688663879427653502e-01,8.132134294339024572e-02,4.067962438662168778e-01
2.823145662525838873e-01,8.627398920892179190e-02,4.125287195992620171e-01
2.960025363422325029e-01,9.139148552233369860e-02,4.181300130067083232e-01
3.099183159558867029e-01,9.667490292783685601e-02,4.236205943028691356e-01
3.240489818966310054e-01,1.021250792673161073e-01,4.290214821507773446e-01
3.383806410476276616e-01,1.077425768699327158e-01,4.343540326455385125e-01
3.528984189205086053e-01,1.135276419131018566e-01,4.396397188070654272e-01
3.675864673075522893e-01,1.194801666013784874e-01,4.448999042372056012e-01
3.824279919973198050e-01,1.255996552615198936e-01,4.501556150597320616e-01
3.974053008303511381e-01,1.318851953554767698e-01,4.554273145610951978e-01
4.124998716580215996e-01,1.383354342715309715e-01,4.607346850624736700e-01
4.276924390628675798e-01,1.449485625738266559e-01,4.660964214695347829e-01
4.429630980417209041e-01,1.517223041815404794e-01,4.715300406691518842e-01
4.582914222795487214e-01,1.586539137222998386e-01,4.770517104891200955e-01
4.736565941813059566e-01,1.657401810725722402e-01,4.826761013361440256e-01
4.890375435021147021e-01,1.729774428729163871e-01,4.884162629161739044e-01
5.044130912336030059e-01,1.803616005994384819e-01,4.942835276618514628e-01
5.197620953671735489e-01,1.878881445938799244e-01,5.002874416881359920e-01
5.350635952549521734e-01,1.955521833103588680e-01,5.064357233108875977e-01
5.502969515101265863e-01,2.033484769310557327e-01,5.127342484309845849e-01
5.654419787085567251e-01,2.112714744374858955e-01,5.191870614381458582e-01
5.804790685477798640e-01,2.193153531973601744e-01,5.257964097453124985e-01
5.953893015615283613e-01,2.274740601362303660e-01,5.325627996388463403e-01
6.101545459521395820e-01,2.357413536034236867e-01,5.394850708263192463e-01
6.247575425666798132e-01,2.441108451074550378e-01,5.465604868794246007e-01
6.391819754856518099e-01,2.525760401809787337e-01,5.537848386958519331e-01
6.534125281003834163e-01,2.611303777332112941e-01,5.611525581278574704e-01
6.674349249155148156e-01,2.697672673528259679e-01,5.686568390310949850e-01
6.812359596195105560e-01,2.784801241314461273e-01,5.762897631581560542e-01
6.948035102156859821e-01,2.872624006827295684e-01,5.840424285403097437e-01
7.081265421988923725e-01,2.961076161312229393e-01,5.919050782521583232e-01
7.211951009013114477e-01,3.050093819361610614e-01,5.998672277229977201e-01
7.340002942191762303e-01,3.139614244965058809e-01,6.079177890332564393e-01
7.465342669762689010e-01,3.229576045538360418e-01,6.160451909043844765e-01
7.587901681860501624e-01,3.319919334688880563e-01,6.242374933480964172e-01
7.707621124487346043e-01,3.410585864958113334e-01,6.324824961801630563e-01
7.824451366689157972e-01,3.501519132160823555e-01,6.407678408211228138e-01
7.938351532094151120e-01,3.592664453223562426e-01,6.490811049990998782e-01
8.049289005132933550e-01,3.683969019623030139e-01,6.574098901374778592e-01
8.157238921331469994e-01,3.775381928647525420e-01,6.657419013526664209e-01
8.262183650089596210e-01,3.866854194763455488e-01,6.740650201056064272e-01
8.364112277362272252e-01,3.958338743374231750e-01,6.823673696465617500e-01
8.463020094675135496e-01,4.049790389220769282e-01,6.906373734680957277e-01
8.558908099950977011e-01,4.141165801600403817e-01,6.988638070381162359e-01
8.651782514715072869e-01,4.232423458482488798e-01,7.070358431257401932e-01
8.741654321395726512e-01,4.323523591481195361e-01,7.151430910597736945e-01
8.828538823649103584e-01,4.414428123515330427e-01,7.231756302749599019e-01
8.912455231918332554e-01,4.505100600846264070e-01,7.311240385068931147e-01
8.993426275787329560e-01,4.595506121042459702e-01,7.389794149944960422e-01
9.071477844109419042e-01,4.685611258275957369e-01,7.467333990409158462e-01
9.146638653377503481e-01,4.775383987215030546e-01,7.543781842711151375e-01
9.218939944353370386e-01,4.864793606640047674e-01,7.619065289086417447e-01
9.288415206584927919e-01,4.953810663777692969e-01,7.693117623761945856e-01
9.355099930107683148e-01,5.042406880223105903e-01,7.765877885056271523e-01
9.419031383346370134e-01,5.130555080200699392e-01,7.837290856237559833e-01
9.480248415999910083e-01,5.218229121802749892e-01,7.907307037614260681e-01
9.538791285503827044e-01,5.305403831740291842e-01,7.975882592152596651e-01
9.594701505514783291e-01,5.392054944043375153e-01,8.042979266747791733e-01
9.648021714748435951e-01,5.478159043057031496e-01,8.108564291124484846e-01
9.698795564420941151e-01,5.563693510995125768e-01,8.172610256208170387e-01
9.747067622493091887e-01,5.648636480236290947e-01,8.235094973694810916e-01
9.792883292891501057e-01,5.732966790474002261e-01,8.296001318450298978e-01
9.836288747880915784e-01,5.816663950766309821e-01,8.355317055294785300e-01
9.877330871783416288e-01,5.899708106469448987e-01,8.413034651668006569e-01
9.916057214281842613e-01,5.982080010983383822e-01,8.469151077629071267e-01
9.952515951604348210e-01,6.063761002186043303e-01,8.523667594615708110e-01
9.986755853962732132e-01,6.144732983386553826e-01,8.576589534371421575e-01
1.001882625770725621e+00,6.224978408586085976e-01,8.627926069441627099e-01
1.004877704076338807e+00,6.304480271797979762e-01,8.677689976639005875e-01
1.007665860002941338e+00,6.383222100146663802e-01,8.725897394881018121e-01
1.010252182953641276e+00,6.461187950437562444e-01,8.772567578806028665e-01
1.012641809830172379e+00,6.538362408867760545e-01,8.817722649575995275e-01
1.014839922694188212e+00,6.614730593529699609e-01,8.861387344270686972e-01
1.016851746224909592e+00,6.690278159347651243e-01,8.903588765268621863e-01
1.018682544907461685e+00,6.764991305079125494e-01,8.944356130991439890e-01
1.020337619900089976e+00,6.838856782010687141e-01,8.983720529359704443e-01
1.021822305542021914e+00,6.911861903979708011e-01,9.021714675268113215e-01
1.023141965476861204e+00,6.983994558360241411e-01,9.058372673336048120e-01
1.024301988378879535e+00,7.055243217662175992e-01,9.093729787125246489e-01
1.025307783281250273e+00,7.125596951407825452e-01,9.127822215940281092e-01
1.026164774516008293e+00,7.195045437968718982e-01,9.160686880240276331e-01
1.026878396285194395e+00,7.263578976067186499e-01,9.192361216592822570e-01
1.027454086891168572e+00,7.331188495671858707e-01,9.222882982994881074e-01
1.027897282661375700e+00,7.397865568042920614e-01,9.252290075272120440e-01
1.028213411608885464e+00,7.463602414711366650e-01,9.280620355149542533e-01
1.028407886874796118e+00,7.528391915205969731e-01,9.307911490464307880e-01
1.028486100002095283e+00,7.592227613371781425e-01,9.334200807868435756e-01
1.028453414092860729e+00,7.655103722154069645e-01,9.359525158246468912e-01
1.028315156901810523e+00,7.717015126751278764e-01,9.383920794953211075e-01
1.028076613919266080e+00,7.777957386069387358e-01,9.407423264860995671e-01
1.027743021495659770e+00,7.837926732437484612e-01,9.430067312096299670e-01
1.027319560057921244e+00,7.896920069570241285e-01,9.451886794243159473e-01
1.026811347465520274e+00,7.954934968786830929e-01,9.472914610697042992e-01
1.026223432550754433e+00,8.011969663517600759e-01,9.493182642768406287e-01
1.025560788884174013e+00,8.068023042149196078e-01,9.512721705060769306e-01
1.024828308801950971e+00,8.123094639275841855e-01,9.531561507584248583e-01
1.024030797727633946e+00,8.177184625438980170e-01,9.549730628012170763e-01
1.023172968816214778e+00,8.230293795449534766e-01,9.567256493445646104e-01
1.022259437943842553e+00,8.282423555396687398e-01,9.584165371018559254e-01
1.021294719061963008e+00,8.333575908454371461e-01,9.600482366652927091e-01
1.020283219930207874e+00,8.383753439601803192e-01,9.616231431261373919e-01
1.019229238238078317e+00,8.432959299377444928e-01,9.631435373688982393e-01
1.018136958121416136e+00,8.481197186786987308e-01,9.646115879690195793e-01
1.017010447075874957e+00,8.528471331485474316e-01,9.660293536246974400e-01
1.015853653266130863e+00,8.574786475351716675e-01,9.673987860551191975e-01
1.014670403226425988e+00,8.620147853569883889e-01,9.687217332996483909e-01
1.013464399945233962e+00,8.664561175328820974e-01,9.699999433551514949e-01
1.012239221324378269e+00,8.708032604244381192e-01,9.712350680917142265e-01
1.010998319000821599e+00,8.750568738604109775e-01,9.724286673903455025e-01
1.009745017517567955e+00,8.792176591527072205e-01,9.735822134498350877e-01
1.008482513828664162e+00,8.832863571124758284e-01,9.746970952136568833e-01
1.007213877122140389e+00,8.872637460741794602e-01,9.757746228716301928e-01
1.005942048943865075e+00,8.911506399347971508e-01,9.768160323949062196e-01
1.004669843604691915e+00,8.949478862145809899e-01,9.778224900666948605e-01
1.003399948852909507e+00,8.986563641450709961e-01,9.787950969749390495e-01
1.002134926793861958e+00,9.022769827893756256e-01,9.797348934368500517e-01
1.000877215038645351e+00,9.058106791990494511e-01,9.806428633288015728e-01
9.996291280639928445e-01,9.092584166112559485e-01,9.815199382985241305e-01
9.983928587658071896e-01,9.126211826892963730e-01,9.823670018398205084e-01
9.971704801892632419e-01,9.158999878090140490e-01,9.831848932131252994e-01
9.959639474189670993e-01,9.190958633930530475e-01,9.839744111981482133e-01
9.947750996132965762e-01,9.222098602944648338e-01,9.847363176675597574e-01
9.936056621677475942e-01,9.252430472307087150e-01,9.854713409732011042e-01
9.924572489928549235e-01,9.281965092686902397e-01,9.861801791386252125e-01
9.913313648930254240e-01,9.310713463611212104e-01,9.868635028539011200e-01
9.902294080334108628e-01,9.338686719341638964e-01,9.875219582705503374e-01
9.891526724827384154e-01,9.365896115260402555e-01,9.881561695962279845e-01
9.881023508208054418e-01,9.392353014760457253e-01,9.887667414903266172e-01
9.870795368001180625e-01,9.418068876631957576e-01,9.893542612630710220e-01
9.860852280519085689e-01,9.443055242935600724e-01,9.899193008818985007e-01
9.851203288274938963e-01,9.467323727351943941e-01,9.904624187899846444e-01
9.841856527666396071e-01,9.490886003994624120e-01,9.909841615426977501e-01
9.832819256852575185e-01,9.513753796674516705e-01,9.914850652685451848e-01
9.824097883753977190e-01,9.535938868601201435e-01,9.919656569618290343e-01
9.815697994110903490e-01,9.557453012507630685e-01,9.924264556147606164e-01
9.807624379541490800e-01,9.578308041183651866e-01,9.928679731972072098e-01
9.799881065545681391e-01,9.598515778403913234e-01,9.932907154925639803e-01
9.792471339406252362e-01,9.618088050235733544e-01,9.936951827984732422e-01
9.785397777942512754e-01,9.637036676712691374e-01,9.940818705012541834e-01
9.778662275076345223e-01,9.655373463859945327e-01,9.944512695329751351e-01
9.772266069174057046e-01,9.673110196057674859e-01,9.948038667200942431e-01
9.766209770130936940e-01,9.690258628729460089e-01,9.951401450325307874e-01
9.760493386168554997e-01,9.706830481342911821e-01,9.954605837419095993e-01
9.755116350317695195e-01,9.722837430710401518e-01,9.957656584975492775e-01
9.750077546562407882e-01,9.738291104578294943e-01,9.960558413285544033e-01
9.745375335623007729e-01,9.753203075493706020e-01,9.963316005801223785e-01
9.741007580357975426e-01,9.767584854938360373e-01,9.965934007918930693e-01
9.736971670766645381e-01,9.781447887719774137e-01,9.968417025258623498e-01
9.733264548576296971e-01,9.794803546610538758e-01,9.970769621510496838e-01
9.729882731398850071e-01,9.807663127227095323e-01,9.972996315917609378e-01
9.726822336443792238e-01,9.820037843139930445e-01,9.975101580459247996e-01
9.724079103775269406e-01,9.831938821207693024e-01,9.977089836796082523e-01
9.721648419102461025e-01,9.843377097128213071e-01,9.978965453034362998e-01
9.719525336093443046e-01,9.854363611199929984e-01,9.980732740362557864e-01
9.717704598203763533e-01,9.864909204287659605e-01,9.982395949609983443e-01
9.716180660011869419e-01,9.875024613987083422e-01,9.983959267773131474e-01
9.714947708054392228e-01,9.884720470982700791e-01,9.985426814551580099e-01
9.713999681155138788e-01,9.894007295594378082e-01,9.986802638931649989e-01
9.713330290242370157e-01,9.902895494507916174e-01,9.988090715852262491e-01
9.712933037649713608e-01,9.911395357685368612e-01,9.989294942983888426e-01
9.712801235896750818e-01,9.919517055451091414e-01,9.990419137648011150e-01
9.712928025945988253e-01,9.927270635749730898e-01,9.991467033901135775e-01
9.713306394933597376e-01,9.934666021572541306e-01,9.992442279804185645e-01
9.713929193371937387e-01,9.941713008548601627e-01,9.993348434895015231e-01
9.714789151822506019e-01,9.948421262697638712e-01,9.994188967878827601e-01
9.715878897038577877e-01,9.954800318341257004e-01,9.994967254548499103e-01
9.717190967577387095e-01,9.960859576169492913e-01,9.995686575944170427e-01
9.718717828882315057e-01,9.966608301459659591e-01,9.996350116759002979e-01
9.720451887836129012e-01,9.972055622444508938e-01,9.996960963995656924e-01
9.722385506786871412e-01,9.977210528826762070e-01,9.997522105875927823e-01
9.724511017048603767e-01,9.982081870437081728e-01,9.998036431003958224e-01
9.726820731879722848e-01,9.986678356032561155e-01,9.998506727781634185e-01
9.729306958942142147e-01,9.991008552232805151e-01,9.998935684073092522e-01
9.731962012245155558e-01,9.995080882590643423e-01,9.999325887113748035e-01
9.734778223578312017e-01,9.998903626794519717e-01,9.999679823657894318e-01
9.737747953438149473e-01,1.000248491999954137e+00,9.999999880357707260e-01
9.740863601454113896e-01,1.000583275228416724e+00,1.000028834436541114e+00
9.744117616319480923e-01,1.000895496822943986e+00,1.000054740414942911e+00
9.747502505233531789e-01,1.001185926661767756e+00,1.000077915051455157e+00
9.751010842861693728e-01,1.001455320024744911e+00,1.000098557781543551e+00
9.754635279820760285e-01,1.001704417586165130e+00,1.000116858535225139e+00
9.758368550696709942e-01,1.001933945418545857e+00,1.000132997893679931e+00
9.762203481603018984e-01,1.002144615007088069e+00,1.000147147261709835e+00
9.766132997287703121e-01,1.002337123274463559e+00,1.000159469054822559e+00
9.770150127797677664e-01,1.002512152615600671e+00,1.000170116899700146e+00
9.774248014709311372e-01,1.002670370942134292e+00,1.000179235846811343e+00
9.778419916934336653e-01,1.002812431736183285e+00,1.000186962593923701e+00
9.782659216110544120e-01,1.002938974113117165e+00,1.000193425719284823e+00
9.786959421586917118e-01,1.003050622892973642e+00,1.000198745923255750e+00
9.791314175013077215e-01,1.003147988680187064e+00,1.000203036277204305e+00
9.795717254543082619e-01,1.003231667951288708e+00,1.000206402478490908e+00
9.800162578663810242e-01,1.003302243150242301e+00,1.000208943110413973e+00
9.804644209658260889e-01,1.003360282791076363e+00,1.000210749906017549e+00
9.809156356714263669e-01,1.003406341567478544e+00,1.000211908014706053e+00
9.813693378689135605e-01,1.003440960469021537e+00,1.000212496270651119e+00
9.818249786540929058e-01,1.003464666903688407e+00,1.000212587462025793e+00
9.822820245436943987e-01,1.003477974826374908e+00,1.000212248600146570e+00
9.827399576550216453e-01,1.003481384873042837e+00,1.000211541187654651e+00
9.831982758554703716e-01,1.003475384500211565e+00,1.000210521484921955e+00
9.836564928829867327e-01,1.003460448129471327e+00,1.000209240773915376e+00
9.841141384385317936e-01,1.003437037296713408e+00,1.000207745618807653e+00
9.845707582516182166e-01,1.003405600805774567e+00,1.000206078122677811e+00
9.850259141199747548e-01,1.003366574886200624e+00,1.000204276179695650e+00
9.854791839243871587e-01,1.003320383354839196e+00,1.000202373722235638e+00
9.859301616197574392e-01,1.003267437780978932e+00,1.000200400962422354e+00
9.863784572034086651e-01,1.003208137654759247e+00,1.000198384627654313e+00
9.868236966616558137e-01,1.003142870558581423e+00,1.000196348189709816e+00
9.872655218956452039e-01,1.003072012341258867e+00,1.000194312087080872e+00
9.877035906274553856e-01,1.002995927294652034e+00,1.000192293940232569e+00
9.881375762874341495e-01,1.002914968332539791e+00,1.000190308759530078e+00
9.885671678837323340e-01,1.002829477171489403e+00,1.000188369145617484e+00
9.889920698549776734e-01,1.002739784513490218e+00,1.000186485482077003e+00
9.894120019070150596e-01,1.002646210230128787e+00,1.000184666120236932e+00
9.898266988346204887e-01,1.002549063548085817e+00,1.000182917556032836e+00
9.902359103290783171e-01,1.002448643235748671e+00,1.000181244598865593e+00
9.906394007724927953e-01,1.002345237790733812e+00,1.000179650532432296e+00
9.910369490196826447e-01,1.002239125628127558e+00,1.000178137267536460e+00
9.914283481684914578e-01,1.002130575269256862e+00,1.000176705486918172e+00
9.918134053193223831e-01,1.002019845530810249e+00,1.000175354782168125e+00
9.921919413246886865e-01,1.001907185714138171e+00,1.000174083782818357e+00
9.925637905295474628e-01,1.001792835794565129e+00,1.000172890277722271e+00
9.929288005031665643e-01,1.001677026610557464e+00,1.000171771328864700e+00
9.932868317632502775e-01,1.001559980052594501e+00,1.000170723377753035e+00
9.936377574930314038e-01,1.001441909251599371e+00,1.000169742344567680e+00
9.939814632520139748e-01,1.001323018766790751e+00,1.000168823720257949e+00
9.943178466810308480e-01,1.001203504772824937e+00,1.000167962651788978e+00
9.946468172022588927e-01,1.001083555246103263e+00,1.000167154020753069e+00
9.949682957148148210e-01,1.000963350150124498e+00,1.000166392515571712e+00
9.952822142865316302e-01,1.000843061619772989e+00,1.000165672697523878e+00
9.955885158424976344e-01,1.000722854144431961e+00,1.000164989060838838e+00
9.958871538509164179e-01,1.000602884749819399e+00,1.000164336087105088e+00
9.961780920068291634e-01,1.000483303178456351e+00,1.000163708294242060e+00
9.964613039142173889e-01,1.000364252068673965e+00,1.000163100280292205e+00
9.967367727669869115e-01,1.000245867132072419e+00,1.000162506762287240e+00
9.970044910293118789e-01,1.000128277329354054e+00,1.000161922610446119e+00
9.972644601158003885e-01,1.000011605044454299e+00,1.000161342877959436e+00
9.975166900719217855e-01,9.998959662568985829e-01,1.000160762826614924e+00
9.977611992551188580e-01,9.997814707123209299e-01,1.000160177948515194e+00
9.979980140170086056e-01,9.996682220910806382e-01,1.000159583984135292e+00
9.982271683870567180e-01,9.995563181749206327e-01,1.000158976936964983e+00
9.984487037580930258e-01,9.994458510116129846e-01,1.000158353084972473e+00
9.986626685740180864e-01,9.993369070775426355e-01,1.000157708989125371e+00
9.988691180200328645e-01,9.992295674381828086e-01,1.000157041499194266e+00
9.990681137157068070e-01,9.991239079064200279e-01,1.000156347757059638e+00
9.992597234111827431e-01,9.990199991986903338e-01,1.000155625197734821e+00
9.994440206868006049e-01,9.989179070888906109e-01,1.000154871548313507e+00
9.996210846564060892e-01,9.988176925600339429e-01,1.000154084825036316e+00
9.997909996745946160e-01,9.987194119536187964e-01,1.000153263328668496e+00
9.999538550481250621e-01,9.986231171166868315e-01,1.000152405638371489e+00
1.000109744751723539e+00,9.985288555465456906e-01,1.000151510604239125e+00
1.000258767148481720e+00,9.984366705331368941e-01,1.000150577338666524e+00
1.000401024715041443e+00,9.983466012990307448e-01,1.000149605206705372e+00
1.000536623771741240e+00,9.982586831370336977e-01,1.000148593815555431e+00
1.000665674217889212e+00,9.981729475453946510e-01,1.000147543003330641e+00
1.000788289272310116e+00,9.980894223606004978e-01,1.000146452827231025e+00
1.000904585219305920e+00,9.980081318877532803e-01,1.000145323551242083e+00
1.001014681160152353e+00,9.979290970285218387e-01,1.000144155633476917e+00
1.001118698770244286e+00,9.978523354066656248e-01,1.000142949713266782e+00
1.001216762061990062e+00,9.977778614911281263e-01,1.000141706598097535e+00
1.001308997153543157e+00,9.977056867167002352e-01,1.000140427250482356e+00
1.001395532043447778e+00,9.976358196022558911e-01,1.000139112774854455e+00
1.001476496391268345e+00,9.975682658665632196e-01,1.000137764404553709e+00
1.001552021304253914e+00,9.975030285416772724e-01,1.000136383488977154e+00
1.001622239130087744e+00,9.974401080839212508e-01,1.000134971480953539e+00
1.001687283255756844e+00,9.973795024824647637e-01,1.000133529924397635e+00
1.001747287912566620e+00,9.973212073655092214e-01,1.000132060442292747e+00
1.001802387987321241e+00,9.972652161040925778e-01,1.000130564725044024e+00
1.001852718839675971e+00,9.972115199135250796e-01,1.000129044519240784e+00
1.001898416125663438e+00,9.971601079524716749e-01,1.000127501616857595e+00
1.001939615627385649e+00,9.971109674196956263e-01,1.000125937844922319e+00
1.001976453088855745e+00,9.970640836484800928e-01,1.000124355055671765e+00
1.002009064057967525e+00,9.970194401987458876e-01,1.000122755117213824e+00
1.002037583734562753e+00,9.969770189468829535e-01,1.000121139904706968e+00
1.002062146824557853e+00,9.969368001733169837e-01,1.000119511292067553e+00
1.002082887400088884e+00,9.968987626478308384e-01,1.000117871144211135e+00
1.002099938765623310e+00,9.968628837126628506e-01,1.000116221309827802e+00
1.002113433329985037e+00,9.968291393634043374e-01,1.000114563614692420e+00
1.002123502484229656e+00,9.967975043277196301e-01,1.000112899855505555e+00
1.002130276485305949e+00,9.967679521419127164e-01,1.000111231794257982e+00
1.002133884345431047e+00,9.967404552253653627e-01,1.000109561153111226e+00
1.002134453727103303e+00,9.967149849528720296e-01,1.000107889609782141e+00
1.002132110843673818e+00,9.966915117248977829e-01,1.000106218793420432e+00
1.002126980365390940e+00,9.966700050357859553e-01,1.000104550280963123e+00
1.002119185330830442e+00,9.966504335399420933e-01,1.000102885593951774e+00
1.002108847063618358e+00,9.966327651160226120e-01,1.000101226195794668e+00
1.002096085094353883e+00,9.966169669291559119e-01,1.000099573489457105e+00
1.002081017087629977e+00,9.966030054912250469e-01,1.000097928815558701e+00
1.002063758774055513e+00,9.965908467192398090e-01,1.000096293450861706e+00
1.002044423887171298e+00,9.965804559918287620e-01,1.000094668607126813e+00
1.002023124105155816e+00,9.965717982038799772e-01,1.000093055430319122e+00
1.001999968997213664e+00,9.965648378193610046e-01,1.000091455000141183e+00
1.001975065974534340e+00,9.965595389223473877e-01,1.000089868329873788e+00
1.001948520245711238e+00,9.965558652662911410e-01,1.000088296366503648e+00
1.001920434776508273e+00,9.965537803215586132e-01,1.000086739991117302e+00
1.001890910253858680e+00,9.965532473212697084e-01,1.000085200019539711e+00
1.001860045053981185e+00,9.965542293054681089e-01,1.000083677203200017e+00
1.001827935214496978e+00,9.965566891636539193e-01,1.000082172230201794e+00
1.001794674410432018e+00,9.965605896757099291e-01,1.000080685726580265e+00
1.001760353933985659e+00,9.965658935512521355e-01,1.000079218257727831e+00
1.001725062677948141e+00,9.965725634674357236e-01,1.000077770329968585e+00
1.001688887122650584e+00,9.965805621052479246e-01,1.000076342392265172e+00
1.001651911326327804e+00,9.965898521843179481e-01,1.000074934838040663e+00
1.001614216918777167e+00,9.966003964962757422e-01,1.000073548007099689e+00
1.001575883098197339e+00,9.966121579366903349e-01,1.000072182187632386e+00
1.001536986631087478e+00,9.966250995356179532e-01,1.000070837618288078e+00
1.001497601855092734e+00,9.966391844867915628e-01,1.000069514490302458e+00
1.001457800684679933e+00,9.966543761754815822e-01,1.000068212949666968e+00
1.001417652619527976e+00,9.966706382050584123e-01,1.000066933099327704e+00
1.001377224755519713e+00,9.966879344222872028e-01,1.000065675001400312e+00
1.001336581798223602e+00,9.967062289413846088e-01,1.000064438679393097e+00
1.001295786078751249e+00,9.967254861668675137e-01,1.000063224120425476e+00
1.001254897571883573e+00,9.967456708152240275e-01,1.000062031277434427e+00
1.001213973916352584e+00,9.967667479354340720e-01,1.000060860071358970e+00
1.001173070437179069e+00,9.967886829283716388e-01,1.000059710393295109e+00
1.001132240169950727e+00,9.968114415651146976e-01,1.000058582106615468e+00
1.001091533886941276e+00,9.968349900041935108e-01,1.000057475049045186e+00
1.001051000124968393e+00,9.968592948078046634e-01,1.000056389034689408e+00
1.001010685214887896e+00,9.968843229570187869e-01,1.000055323856008149e+00
1.000970633312627145e+00,9.969100418660102880e-01,1.000054279285731429e+00
1.000930886431658395e+00,9.969364193953359488e-01,1.000053255078713565e+00
1.000891484476818416e+00,9.969634238642893775e-01,1.000052250973722412e+00
1.000852465279380432e+00,9.969910240623590658e-01,1.000051266695159979e+00
1.000813864633286254e+00,9.970191892598149197e-01,1.000050301954713117e+00
1.000775716332451770e+00,9.970478892174512442e-01,1.000049356452932026e+00
1.000738052209056317e+00,9.970770941955088285e-01,1.000048429880736389e+00
1.000700902172732443e+00,9.971067749618053311e-01,1.000047521920846672e+00
1.000664294250571684e+00,9.971369027990958367e-01,1.000046632249140588e+00
1.000628254627867531e+00,9.971674495116897852e-01,1.000045760535936523e+00
1.000592807689515640e+00,9.971983874313479213e-01,1.000044906447200788e+00
1.000557976061995591e+00,9.972296894224830233e-01,1.000044069645682931e+00
1.000523780655860229e+00,9.972613288866887249e-01,1.000043249791976674e+00
1.000490240708660217e+00,9.972932797666190785e-01,1.000042446545510222e+00
1.000457373828234298e+00,9.973255165492395102e-01,1.000041659565465757e+00
1.000425196036298203e+00,9.973580142684748129e-01,1.000040888511630532e+00
1.000393721812267378e+00,9.973907485072734946e-01,1.000040133045180468e+00
1.000362964137248012e+00,9.974236953991126864e-01,1.000039392829399354e+00
1.000332934538140650e+00,9.974568316289612602e-01,1.000038667530334990e+00
1.000303643131791764e+00,9.974901344337228082e-01,1.000037956817394047e+00
1.000275098669142215e+00,9.975235816021819080e-01,1.000037260363878966e+00
1.000247308579314653e+00,9.975571514744685508e-01,1.000036577847469577e+00
1.000220279013590563e+00,9.975908229410636041e-01,1.000035908950649421e+00
1.000194014889224992e+00,9.976245754413649580e-01,1.000035253361082122e+00
1.000168519933053224e+00,9.976583889618314549e-01,1.000034610771939558e+00
1.000143796724842105e+00,9.976922440337205877e-01,1.000033980882182760e+00
1.000119846740343599e+00,9.977261217304547181e-01,1.000033363396801711e+00
1.000096670394008180e+00,9.977600036645756232e-01,1.000032758027010527e+00
1.000074267081320301e+00,9.977938719844073878e-01,1.000032164490407771e+00
1.000052635220715080e+00,9.978277093703569189e-01,1.000031582511100137e+00
1.000031772295045807e+00,9.978614990308800614e-01,1.000031011819791482e+00
1.000011674892563818e+00,9.978952246981624974e-01,1.000030452153841676e+00
9.999923387473823588e-01,9.979288706235176498e-01,1.000029903257297459e+00
9.999737587793927629e-01,9.979624215725065861e-01,1.000029364880895777e+00
9.999559291336064248e-01,9.979958628198011272e-01,1.000028836782044239e+00
9.999388432188955900e-01,9.980291801438065935e-01,1.000028318724778709e+00
9.999224937461084206e-01,9.980623598210541791e-01,1.000027810479701573e+00
9.999068727655371358e-01,9.980953886203809411e-01,1.000027311823901810e+00
9.998919717037159094e-01,9.981282537969067281e-01,1.000026822540859728e+00
9.998777813995316510e-01,9.981609430858235932e-01,1.000026342420336389e+00
9.998642921396282413e-01,9.981934446960090135e-01,1.000025871258252375e+00
9.998514936930886776e-01,9.982257473034760187e-01,1.000025408856554110e+00
9.998393753453809207e-01,9.982578400446713296e-01,1.000024955023071982e+00
9.998279259315542289e-01,9.982897125096333868e-01,1.000024509571370901e+00
9.998171338686727694e-01,9.983213547350214823e-01,1.000024072320593760e+00
9.998069871874789571e-01,9.983527571970270964e-01,1.000023643095300008e+00
9.997974735632754184e-01,9.983839108041765442e-01,1.000023221725301337e+00
9.997885803460183629e-01,9.984148068900385864e-01,1.000022808045492928e+00
9.997802945896174798e-01,9.984454372058432226e-01,1.000022401895684698e+00
9.997726030804353625e-01,9.984757939130226578e-01,1.000022003120430991e+00
9.997654923649833547e-01,9.985058695756844349e-01,1.000021611568860047e+00
9.997589487768110406e-01,9.985356571530241698e-01,1.000021227094504805e+00
9.997529584625880483e-01,9.985651499916868845e-01,1.000020849555135705e+00
9.997475074073777224e-01,9.985943418180879272e-01,1.000020478812594593e+00
9.997425814591022197e-01,9.986232267306967003e-01,1.000020114732632637e+00
9.997381663522015849e-01,9.986517991922957416e-01,1.000019757184750890e+00
9.997342477304889119e-01,9.986800540222192657e-01,1.000019406042044867e+00
9.997308111692031485e-01,9.987079863885803821e-01,1.000019061181052882e+00
9.997278421962662032e-01,9.987355918004933164e-01,1.000018722481609501e+00
9.997253263127489076e-01,9.987628661002960762e-01,1.000018389826703435e+00
9.997232490125501636e-01,9.987898054557834415e-01,1.000018063102339871e+00
9.997215958012977133e-01,9.988164063524513914e-01,1.000017742197409243e+00
9.997203522144764154e-01,9.988426655857629566e-01,1.000017427003559778e+00
9.997195038347914675e-01,9.988685802534398306e-01,1.000017117415076262e+00
9.997190363087772313e-01,9.988941477477856212e-01,1.000016813328764798e+00
9.997189353626600994e-01,9.989193657480447408e-01,1.000016514643841115e+00
9.997191868174835072e-01,9.989442322128024854e-01,1.000016221261826432e+00
9.997197766035077482e-01,9.989687453724312993e-01,1.000015933086447317e+00
9.997206907738933612e-01,9.989929037215883323e-01,1.000015650023541758e+00
9.997219155176810812e-01,9.990167060117666198e-01,1.000015371980969237e+00
9.997234371720783441e-01,9.990401512439067711e-01,1.000015098868527463e+00
9.997252422340673350e-01,9.990632386610693860e-01,1.000014830597873106e+00
9.997273173713421279e-01,9.990859677411756401e-01,1.000014567082447625e+00
9.997296494325935701e-01,9.991083381898169247e-01,1.000014308237407779e+00
9.997322254571487932e-01,9.991303499331386506e-01,1.000014053979561002e+00
9.997350326839858914e-01,9.991520031107987698e-01,1.000013804227304126e+00
9.997380585601312042e-01,9.991732980690065657e-01,1.000013558900567867e+00
9.997412907484561906e-01,9.991942353536439336e-01,1.000013317920763534e+00
9.997447171348878836e-01,9.992148157034704825e-01,1.000013081210734844e+00
9.997483258350475799e-01,9.992350400434147906e-01,1.000012848694712853e+00
9.997521052003283115e-01,9.992549094779569208e-01,1.000012620298273758e+00
9.997560438234311952e-01,9.992744252846003095e-01,1.000012395948300936e+00
9.997601305433724272e-01,9.992935889074390232e-01,1.000012175572948747e+00
9.997643544499748014e-01,9.993124019508172751e-01,1.000011959101610337e+00
9.997687048878622917e-01,9.993308661730867515e-01,1.000011746464886775e+00
9.997731714599665809e-01,9.993489834804620831e-01,1.000011537594559963e+00
9.997777440305687380e-01,9.993667559209763462e-01,1.000011332423565991e+00
9.997824127278835959e-01,9.993841856785367073e-01,1.000011130885972710e+00
9.997871679462050354e-01,9.994012750670810963e-01,1.000010932916956863e+00
9.997920003476211681e-01,9.994180265248389095e-01,1.000010738452784764e+00
9.997969008633251775e-01,9.994344426086944067e-01,1.000010547430793428e+00
9.998018606945334730e-01,9.994505259886538040e-01,1.000010359789373249e+00
9.998068713130110474e-01,9.994662794424183927e-01,1.000010175467952234e+00
9.998119244612413414e-01,9.994817058500633511e-01,1.000009994406981129e+00
9.998170121522407250e-01,9.994968081888211398e-01,1.000009816547919428e+00
9.998221266690330289e-01,9.995115895279711449e-01,1.000009641833221830e+00
9.998272605637935628e-01,9.995260530238370134e-01,1.000009470206326467e+00
9.998324066567179091e-01,9.995402019148886819e-01,1.000009301611642254e+00
9.998375580345681968e-01,9.995540395169520975e-01,1.000009135994538667e+00
9.998427080489303842e-01,9.995675692185238548e-01,1.000008973301333759e+00
9.998478503141913221e-01,9.995807944761946340e-01,1.000008813479284386e+00
9.998529787052633511e-01,9.995937188101765569e-01,1.000008656476575331e+00
9.998580873551060622e-01,9.996063457999361246e-01,1.000008502242309083e+00
9.998631706520098028e-01,9.996186790799342914e-01,1.000008350726496076e+00
9.998682232366332689e-01,9.996307223354701232e-01,1.000008201880044689e+00
9.998732399988508046e-01,9.996424792986283725e-01,1.000008055654751038e+00
9.998782160744088543e-01,9.996539537443309698e-01,1.000007912003288979e+00
9.998831468413993395e-01,9.996651494864919885e-01,1.000007770879200120e+00
9.998880279165665019e-01,9.996760703742764154e-01,1.000007632236883603e+00
9.998928551514515428e-01,9.996867202884587300e-01,1.000007496031585452e+00
9.998976246283967084e-01,9.996971031378832917e-01,1.000007362219388574e+00
9.999023326564091541e-01,9.997072228560227591e-01,1.000007230757201881e+00
9.999069757669047931e-01,9.997170833976376514e-01,1.000007101602749415e+00
9.999115507093324640e-01,9.997266887355343856e-01,1.000006974714559238e+00
9.999160544466959566e-01,9.997360428574190161e-01,1.000006850051952556e+00
9.999204841509840014e-01,9.997451497628480066e-01,1.000006727575031507e+00
9.999248371985131056e-01,9.997540134602732609e-01,1.000006607244668722e+00
9.999291111651977815e-01,9.997626379641812999e-01,1.000006489022494449e+00
9.999333038217507186e-01,9.997710272923253649e-01,1.000006372870885230e+00
9.999374131288253365e-01,9.997791854630485586e-01,1.000006258752951682e+00
9.999414372321111522e-01,9.997871164926985799e-01,1.000006146632525850e+00
9.999453744573879588e-01,9.997948243931303880e-01,1.000006036474148985e+00
9.999492233055449208e-01,9.998023131692963528e-01,1.000005928243059339e+00
9.999529824475756890e-01,9.998095868169246669e-01,1.000005821905178616e+00
9.999566507195557508e-01,9.998166493202825800e-01,1.000005717427100205e+00
9.999602271176075696e-01,9.998235046500225653e-01,1.000005614776075413e+00
9.999637107928619484e-01,9.998301567611118656e-01,1.000005513920001032e+00
9.999671010464238341e-01,9.998366095908443052e-01,1.000005414827406680e+00
9.999703973243426747e-01,9.998428670569273757e-01,1.000005317467441035e+00
9.999735992126003170e-01,9.998489330556559196e-01,1.000005221809859624e+00
9.999767064321178900e-01,9.998548114601550907e-01,1.000005127825011275e+00
9.999797188337921083e-01,9.998605061187034737e-01,1.000005035483825910e+00
9.999826363935615525e-01,9.998660208531291449e-01,1.000004944757800773e+00
9.999854592075058113e-01,9.998713594572801178e-01,1.000004855618988664e+00
9.999881874869908094e-01,9.998765256955636227e-01,1.000004768039984615e+00
9.999908215538568790e-01,9.998815233015571069e-01,1.000004681993913236e+00
9.999933618356576792e-01,9.998863559766866249e-01,1.000004597454417166e+00
9.999958088609524065e-01,9.998910273889749512e-01,1.000004514395643529e+00
9.999981632546558474e-01,9.998955411718540853e-01,1.000004432792233056e+00
1.000000425733454490e+00,9.998999009230395973e-01,1.000004352619307202e+00
1.000002597101278923e+00,9.999041102034713635e-01,1.000004273852456604e+00
1.000004678244851730e+00,9.999081725363144768e-01,1.000004196467730200e+00
1.000006670129306885e+00,9.999120914060213305e-01,1.000004120441622790e+00
1.000008573793874866e+00,9.999158702574496571e-01,1.000004045751064830e+00
1.000010390347651379e+00,9.999195124950388536e-01,1.000003972373411099e+00
1.000012120965442897e+00,9.999230214820452600e-01,1.000003900286429825e+00
1.000013766883693922e+00,9.999264005398283972e-01,1.000003829468293137e+00
1.000015329396495956e+00,9.999296529471890516e-01,1.000003759897565958e+00
1.000016809851682842e+00,9.999327819397643147e-01,1.000003691553196683e+00
1.000018209647008050e+00,9.999357907094692521e-01,1.000003624414507408e+00
1.000019530226413655e+00,9.999386824039858679e-01,1.000003558461184383e+00
1.000020773076386149e+00,9.999414601263018065e-01,1.000003493673269128e+00
1.000021939722406161e+00,9.999441269342972394e-01,1.000003430031149554e+00
1.000023031725481903e+00,9.999466858403731617e-01,1.000003367515551522e+00
1.000024050678780752e+00,9.999491398111273188e-01,1.000003306107530188e+00
1.000024998204352089e+00,9.999514917670668801e-01,1.000003245788462447e+00
1.000025875949940302e+00,9.999537445823685200e-01,1.000003186540038946e+00
1.000026685585893915e+00,9.999559010846728047e-01,1.000003128344256531e+00
1.000027428802169327e+00,9.999579640549208781e-01,1.000003071183410919e+00
1.000028107305420466e+00,9.999599362272293401e-01,1.000003015040090260e+00
1.000028722816193261e+00,9.999618202887938789e-01,1.000002959897168031e+00
1.000029277066202704e+00,9.999636188798369796e-01,1.000002905737796377e+00
1.000029771795711175e+00,9.999653345935834992e-01,1.000002852545400556e+00
1.000030208751000904e+00,9.999669699762737674e-01,1.000002800303672057e+00
1.000030589681931037e+00,9.999685275272027773e-01,1.000002748996563717e+00
1.000030916339589293e+00,9.999700096987913511e-01,1.000002698608283502e+00
1.000031190474037768e+00,9.999714188966870587e-01,1.000002649123289844e+00
1.000031413832146221e+00,9.999727574798964458e-01,1.000002600526286312e+00
1.000031588155515960e+00,9.999740277609376893e-01,1.000002552802216282e+00
1.000031715178494096e+00,9.999752320060230071e-01,1.000002505936258945e+00
1.000031796626268177e+00,9.999763724352680461e-01,1.000002459913824193e+00
1.000031834213055193e+00,9.999774512229193668e-01,1.000002414720549071e+00
1.000031829640379399e+00,9.999784704976099059e-01,1.000002370342292890e+00
1.000031784595422746e+00,9.999794323426322018e-01,1.000002326765133454e+00
1.000031700749468566e+00,9.999803387962411527e-01,1.000002283975363948e+00
1.000031579756421429e+00,9.999811918519632137e-01,1.000002241959488058e+00
1.000031423251406260e+00,9.999819934589387893e-01,1.000002200704217525e+00
1.000031232849451168e+00,9.999827455222642936e-01,1.000002160196468370e+00
1.000031010144247556e+00,9.999834499033715129e-01,1.000002120423357788e+00
1.000030756706982382e+00,9.999841084204144082e-01,1.000002081372200591e+00
1.000030474085246368e+00,9.999847228486752337e-01,1.000002043030506771e+00
1.000030163802022143e+00,9.999852949209758757e-01,1.000002005385978610e+00
1.000029827354733447e+00,9.999858263281072857e-01,1.000001968426507348e+00
1.000029466214362728e+00,9.999863187192792324e-01,1.000001932140171190e+00
1.000029081824652888e+00,9.999867737025740499e-01,1.000001896515232191e+00
1.000028675601357664e+00,9.999871928454158176e-01,1.000001861540134040e+00
1.000028248931562391e+00,9.999875776750519751e-01,1.000001827203499616e+00
1.000027803173060281e+00,9.999879296790411543e-01,1.000001793494128322e+00
1.000027339653815961e+00,9.999882503057425653e-01,1.000001760400994311e+00
1.000026859671462098e+00,9.999885409648406887e-01,1.000001727913243599e+00
1.000026364492863529e+00,9.999888030278443196e-01,1.000001696020192732e+00
1.000025855353739779e+00,9.999890378286241388e-01,1.000001664711326121e+00
1.000025333458339105e+00,9.999892466639340727e-01,1.000001633976293824e+00
1.000024799979162049e+00,9.999894307939466431e-01,1.000001603804909989e+00
1.000024256056752714e+00,9.999895914428007515e-01,1.000001574187150633e+00
1.000023702799501146e+00,9.999897297991252598e-01,1.000001545113151424e+00
1.000023141283535644e+00,9.999898470166157516e-01,1.000001516573206573e+00
1.000022572552646816e+00,9.999899442145738782e-01,1.000001488557765716e+00
1.000021997618228520e+00,9.999900224784622482e-01,1.000001461057433261e+00
1.000021417459293849e+00,9.999900828604827430e-01,1.000001434062965711e+00
1.000020833022542410e+00,9.999901263801251883e-01,1.000001407565270339e+00
1.000020245222404069e+00,9.999901540247408960e-01,1.000001381555403190e+00
1.000019654941179503e+00,9.999901667501026603e-01,1.000001356024567079e+00
1.000019063029199407e+00,9.999901654809596474e-01,1.000001330964110258e+00
1.000018470305155560e+00,9.999901511116296993e-01,1.000001306365523313e+00
1.000017877554425283e+00,9.999901245065664357e-01,1.000001282220440713e+00
1.000017285532935452e+00,9.999900865008910511e-01,1.000001258520635483e+00
1.000016694965634390e+00,9.999900379010056017e-01,1.000001235258019205e+00
1.000016106546749661e+00,9.999899794851406787e-01,1.000001212424639796e+00
1.000015520940146230e+00,9.999899120038798772e-01,1.000001190012679952e+00
1.000014938779715701e+00,9.999898361807737501e-01,1.000001168014455377e+00
1.000014360669747138e+00,9.999897527128618346e-01,1.000001146422413223e+00
1.000013787185351166e+00,9.999896622712505234e-01,1.000001125229130094e+00
1.000013218872857657e+00,9.999895655016934892e-01,1.000001104427310494e+00
1.000012656250314214e+00,9.999894630251418004e-01,1.000001084009785490e+00
1.000012099807926269e+00,9.999893554382269789e-01,1.000001063969510051e+00
1.000011550008583994e+00,9.999892433138407588e-01,1.000001044299562603e+00
1.000011007288293952e+00,9.999891272017027433e-01,1.000001024993142140e+00
1.000010472056737099e+00,9.999890076289115193e-01,1.000001006043567564e+00
1.000009944697776376e+00,9.999888851004420376e-01,1.000000987444275236e+00
1.000009425570005606e+00,9.999887600996997250e-01,1.000000969188817868e+00
1.000008915007322807e+00,9.999886330889070640e-01,1.000000951270862304e+00
1.000008413319454892e+00,9.999885045097907099e-01,1.000000933684188187e+00
1.000007920792519434e+00,9.999883747841238346e-01,1.000000916422686181e+00
1.000007437689617307e+00,9.999882443141145938e-01,1.000000899480356642e+00
1.000006964251412889e+00,9.999881134828685347e-01,1.000000882851306949e+00
1.000006500696725142e+00,9.999879826520192694e-01,1.000000866529751731e+00
1.000006047223112482e+00,9.999878521679580468e-01,1.000000850510009309e+00
1.000005604007466076e+00,9.999877223598975240e-01,1.000000834786501258e+00
1.000005171206601595e+00,9.999875935400108773e-01,1.000000819353750181e+00
1.000004748957860734e+00,9.999874660038772234e-01,1.000000804206378602e+00
1.000004337379717390e+00,9.999873400309066129e-01,1.000000789339106522e+00
1.000003936572376073e+00,9.999872158847405990e-01,1.000000774746750754e+00
1.000003546618361661e+00,9.999870938139076015e-01,1.000000760424222923e+00
1.000003167583125796e+00,9.999869740521452055e-01,1.000000746366528137e+00
1.000002799515658847e+00,9.999868568188255979e-01,1.000000732568762762e+00
1.000002442449060336e+00,9.999867423194047644e-01,1.000000719026113760e+00
1.000002096401122476e+00,9.999866307459074344e-01,1.000000705733856687e+00
1.000001761374938347e+00,9.999865222773542950e-01,1.000000692687354364e+00
1.000001437359457013e+00,9.999864170800845109e-01,1.000000679882055099e+00
1.000001124330068381e+00,9.999863153081842704e-01,1.000000667313491354e+00
1.000000822249180299e+00,9.999862171039510805e-01,1.000000654977278414e+00
1.000000531066779885e+00,9.999861225982582535e-01,1.000000642869112832e+00
1.000000250720996409e+00,9.999860319108899720e-01,1.000000630984770877e+00
9.999999811386165449e-01,9.999859451509577335e-01,1.000000619320107420e+00
9.999997222356761251e-01,9.999858624173036947e-01,1.000000607871054159e+00
9.999994739179816072e-01,9.999857837988254117e-01,1.000000596633618732e+00
9.999992360815939119e-01,9.999857093748407699e-01,1.000000585603882497e+00
9.999990086134006306e-01,9.999856392154722329e-01,1.000000574778000084e+00
9.999987913915995286e-01,9.999855733819211778e-01,1.000000564152197846e+00
9.999985842861927043e-01,9.999855119268910020e-01,1.000000553722772079e+00
9.999983871594853024e-01,9.999854548948547972e-01,1.000000543486088134e+00
9.999981998665824490e-01,9.999854023224212796e-01,1.000000533438579309e+00
9.999980222558551013e-01,9.999853542386109018e-01,1.000000523576745071e+00
9.999978541693640421e-01,9.999853106651797052e-01,1.000000513897150389e+00
9.999976954433341669e-01,9.999852716169252975e-01,1.000000504396423961e+00
9.999975459085980178e-01,9.999852371019667396e-01,1.000000495071257323e+00
9.999974053910324345e-01,9.999852071220399763e-01,1.000000485918403959e+00
9.999972737119491306e-01,9.999851816728115850e-01,1.000000476934677307e+00
9.999971506885584338e-01,9.999851607440980450e-01,1.000000468116950758e+00
9.999970361342968017e-01,9.999851443201934753e-01,1.000000459462155433e+00
9.999969298592491507e-01,9.999851323800856839e-01,1.000000450967279964e+00
9.999968316705204474e-01,9.999851248977409401e-01,1.000000442629368713e+00
9.999967413725926457e-01,9.999851218423289057e-01,1.000000434445521114e+00
9.999966587676802909e-01,9.999851231785233940e-01,1.000000426412890775e+00
9.999965836560498200e-01,9.999851288667362947e-01,1.000000418528683932e+00
9.999965158363870454e-01,9.999851388632731153e-01,1.000000410790158778e+00
9.999964551061147899e-01,9.999851531206205291e-01,1.000000403194624576e+00
9.999964012616767706e-01,9.999851715875833769e-01,1.000000395739440551e+00
9.999963540988321409e-01,9.999851942095731028e-01,1.000000388422014774e+00
9.999963134129618014e-01,9.999852209288240257e-01,1.000000381239803504e+00
9.999962789993122048e-01,9.999852516845084693e-01,1.000000374190310293e+00
9.999962506533079942e-01,9.999852864130802654e-01,1.000000367271084878e+00
9.999962281707706069e-01,9.999853250483607958e-01,1.000000360479722517e+00
9.999962113481786208e-01,9.999853675217091897e-01,1.000000353813862652e+00
9.999961999828782533e-01,9.999854137621713157e-01,1.000000347271188916e+00
9.999961938733257227e-01,9.999854636967803190e-01,1.000000340849427571e+00
9.999961928193261684e-01,9.999855172506120216e-01,1.000000334546346847e+00
9.999961966221561083e-01,9.999855743469472369e-01,1.000000328359756274e+00
9.999962050848092421e-01,9.999856349074609518e-01,1.000000322287506016e+00
9.999962180121517719e-01,9.999856988523950774e-01,1.000000316327485761e+00
9.999962352111290143e-01,9.999857661006809062e-01,1.000000310477624499e+00
9.999962564908904117e-01,9.999858365700888818e-01,1.000000304735889189e+00
9.999962816630040274e-01,9.999859101773249659e-01,1.000000299100284318e+00
9.999963105415659026e-01,9.999859868381704153e-01,1.000000293568851228e+00
9.999963429433270656e-01,9.999860664676734068e-01,1.000000288139667459e+00
9.999963786878269811e-01,9.999861489802694958e-01,1.000000282810845853e+00
9.999964175974650482e-01,9.999862342898969692e-01,1.000000277580534336e+00
9.999964594977602816e-01,9.999863223100090570e-01,1.000000272446914584e+00
9.999965042172673790e-01,9.999864129537291424e-01,1.000000267408202026e+00
9.999965515878227462e-01,9.999865061340488248e-01,1.000000262462644951e+00
9.999966014445449414e-01,9.999866017638134874e-01,1.000000257608523846e+00
9.999966536259119465e-01,9.999866997558422010e-01,1.000000252844150950e+00
9.999967079738225628e-01,9.999868000230184295e-01,1.000000248167869366e+00
9.999967643337653866e-01,9.999869024783465399e-01,1.000000243578053061e+00
9.999968225548521161e-01,9.999870070351445372e-01,1.000000239073105535e+00
9.999968824897454978e-01,9.999871136070319633e-01,1.000000234651459818e+00
9.999969439947403727e-01,9.999872221079699752e-01,1.000000230311577809e+00
9.999970069298131925e-01,9.999873324525122564e-01,1.000000226051949603e+00
9.999970711587019556e-01,9.999874445557697111e-01,1.000000221871093276e+00
9.999971365488965480e-01,9.999875583333994733e-01,1.000000217767554211e+00
9.999972029716863720e-01,9.999876737017591166e-01,1.000000213739904220e+00
9.999972703021288156e-01,9.999877905779874787e-01,1.000000209786741756e+00
9.999973384191465087e-01,9.999879088799163984e-01,1.000000205906690809e+00
9.999974072053907648e-01,9.999880285263563762e-01,1.000000202098400681e+00
9.999974765473923499e-01,9.999881494371162249e-01,1.000000198360545767e+00
9.999975463352887006e-01,9.999882715327549354e-01,1.000000194691824440e+00
9.999976164630207665e-01,9.999883947347915081e-01,1.000000191090959500e+00
9.999976868282548503e-01,9.999885189657686801e-01,1.000000187556697062e+00
9.999977573333068692e-01,9.999886441494468814e-01,1.000000184087806110e+00
9.999978278857160063e-01,9.999887702105734189e-01,1.000000180683078499e+00
9.999978983967694468e-01,9.999888970750934192e-01,1.000000177341328511e+00
9.999979687787111660e-01,9.999890246700020580e-01,1.000000174061391967e+00
9.999980389473018816e-01,9.999891529234505860e-01,1.000000170842126224e+00
9.999981088220668557e-01,9.999892817652604737e-01,1.000000167682409735e+00
9.999981783258615753e-01,9.999894111260579921e-01,1.000000164581141604e+00
9.999982473851810605e-01,9.999895409380011868e-01,1.000000161537240917e+00
9.999983159301573110e-01,9.999896711344792299e-01,1.000000158549647189e+00
9.999983838943503622e-01,9.999898016500463616e-01,1.000000155617319253e+00
9.999984512146827820e-01,9.999899324204808426e-01,1.000000152739235038e+00
9.999985178312945644e-01,9.999900633831781960e-01,1.000000149914391345e+00
9.999985836873452882e-01,9.999901944774298723e-01,1.000000147141803630e+00
9.999986487295629001e-01,9.999903256425367593e-01,1.000000144420504666e+00
9.999987129075216252e-01,9.999904568255382209e-01,1.000000141749546323e+00
9.999987761739900227e-01,9.999905879684973797e-01,1.000000139127997789e+00
9.999988384849045620e-01,9.999907190139325497e-01,1.000000136554944907e+00
9.999988997991103856e-01,9.999908499070916390e-01,1.000000134029490395e+00
9.999989600783754096e-01,9.999909805948066222e-01,1.000000131550753624e+00
9.999990192873766670e-01,9.999911110259658287e-01,1.000000129117870618e+00
9.999990773934208654e-01,9.999912411499619624e-01,1.000000126729992722e+00
9.999991343664995647e-01,9.999913709179750754e-01,1.000000124386287492e+00
9.999991901793570115e-01,9.999915002820591869e-01,1.000000122085937582e+00
9.999992448071199913e-01,9.999916291959303205e-01,1.000000119828140521e+00
9.999992982275488496e-01,9.999917576149318643e-01,1.000000117612109163e+00
9.999993504206762251e-01,9.999918854959272130e-01,1.000000115437070791e+00
9.999994013688269234e-01,9.999920127969605943e-01,1.000000113302266680e+00
9.999994510566908579e-01,9.999921394776201122e-01,1.000000111206952313e+00
9.999994994712795293e-01,9.999922654989159554e-01,1.000000109150396943e+00
9.999995466016476930e-01,9.999923908229652048e-01,1.000000107131883365e+00
9.999995924390069346e-01,9.999925154131842353e-01,1.000000105150707475e+00
9.999996369765169479e-01,9.999926392344505865e-01,1.000000103206178492e+00
9.999996802092145920e-01,9.999927622532441829e-01,1.000000101297618071e+00
9.999997221339105291e-01,9.999928844370700176e-01,1.000000099424360744e+00
9.999997627493393271e-01,9.999930057548364060e-01,1.000000097585753034e+00
9.999998020559092149e-01,9.999931261766489277e-01,1.000000095781153675e+00
9.999998400556218137e-01,9.999932456738679365e-01,1.000000094009933616e+00
9.999998767520794640e-01,9.999933642191073391e-01,1.000000092271474905e+00
9.999999121504984378e-01,9.999934817862385916e-01,1.000000090565171140e+00
9.999999462573978537e-01,9.999935983505056081e-01,1.000000088890427463e+00
9.999999790806608502e-01,9.999937138882690757e-01,1.000000087246659897e+00
1.000000010629476188e+00,9.999938283770328784e-01,1.000000085633294900e+00
1.000000040914282184e+00,9.999939417954220033e-01,1.000000084049770255e+00
1.000000069946840320e+00,9.999940541231167046e-01,1.000000082495533515e+00
1.000000097740058269e+00,9.999941653410349129e-01,1.000000080970042671e+00
1.000000124307806937e+00,9.999942754310802151e-01,1.000000079472765924e+00
1.000000149664954652e+00,9.999943843763748896e-01,1.000000078003181025e+00
1.000000173827403582e+00,9.999944921610688375e-01,1.000000076560775719e+00
1.000000196811859920e+00,9.999945987702977268e-01,1.000000075145047074e+00
1.000000218635914706e+00,9.999947041901912081e-01,1.000000073755501262e+00
1.000000239317897055e+00,9.999948084079272048e-01,1.000000072391654005e+00
1.000000258876911241e+00,9.999949114116108984e-01,1.000000071053029682e+00
1.000000277332633747e+00,9.999950131904218331e-01,1.000000069739161557e+00
1.000000294705444048e+00,9.999951137346726471e-01,1.000000068449591772e+00
1.000000311016263188e+00,9.999952130355673763e-01,1.000000067183870689e+00
1.000000326286432761e+00,9.999953110850546834e-01,1.000000065941556882e+00
1.000000340537846366e+00,9.999954078759832887e-01,1.000000064722217363e+00
1.000000353792878549e+00,9.999955034020868716e-01,1.000000063525427141e+00
1.000000366074253133e+00,9.999955976578447370e-01,1.000000062350769214e+00
1.000000377404956176e+00,9.999956906384720456e-01,1.000000061197833912e+00
1.000000387808140045e+00,9.999957823402039203e-01,1.000000060066219332e+00
1.000000397307313937e+00,9.999958727598697861e-01,1.000000058955531124e+00
1.000000405926250613e+00,9.999959618951386187e-01,1.000000057865382042e+00
1.000000413688883594e+00,9.999960497444309038e-01,1.000000056795392167e+00
1.000000420619321151e+00,9.999961363067918496e-01,1.000000055745188687e+00
1.000000426741597837e+00,9.999962215820554778e-01,1.000000054714405451e+00
1.000000432080007551e+00,9.999963055707616899e-01,1.000000053702683411e+00
1.000000436658636804e+00,9.999963882739907328e-01,1.000000052709669740e+00
1.000000440501562116e+00,9.999964696935726982e-01,1.000000051735018491e+00
1.000000443632998781e+00,9.999965498317152646e-01,1.000000050778390159e+00
1.000000446077237815e+00,9.999966286913402058e-01,1.000000049839451233e+00
1.000000447858332642e+00,9.999967062759623770e-01,1.000000048917874418e+00
1.000000449000322256e+00,9.999967825896945994e-01,1.000000048013338860e+00
1.000000449526969204e+00,9.999968576372960660e-01,1.000000047125529035e+00
1.000000449461997176e+00,9.999969314240095830e-01,1.000000046254135855e+00
1.000000448828804123e+00,9.999970039555254875e-01,1.000000045398855564e+00
1.000000447650616353e+00,9.999970752380732408e-01,1.000000044559390178e+00
1.000000445950670169e+00,9.999971452783434911e-01,1.000000043735447042e+00
1.000000443751784651e+00,9.999972140833657264e-01,1.000000042926739274e+00
1.000000441076638769e+00,9.999972816606448323e-01,1.000000042132985101e+00
1.000000437947278664e+00,9.999973480179943364e-01,1.000000041353907854e+00
1.000000434385639458e+00,9.999974131639396413e-01,1.000000040589236194e+00
1.000000430413396701e+00,9.999974771071553636e-01,1.000000039838703669e+00
1.000000426051511848e+00,9.999975398566476326e-01,1.000000039102048932e+00
1.000000421321123323e+00,9.999976014218516784e-01,1.000000038379015077e+00
1.000000416242657897e+00,9.999976618125516747e-01,1.000000037669350528e+00
1.000000410836022757e+00,9.999977210387971382e-01,1.000000036972807926e+00
1.000000405121544089e+00,9.999977791110493675e-01,1.000000036289144578e+00
1.000000399118386341e+00,9.999978360399119914e-01,1.000000035618122229e+00
1.000000392845293185e+00,9.999978918362765201e-01,1.000000034959507289e+00
1.000000386320493151e+00,9.999979465112831534e-01,1.000000034313070163e+00
1.000000379562265618e+00,9.999980000762801469e-01,1.000000033678585698e+00
1.000000372588947695e+00,9.999980525427322187e-01,1.000000033055833404e+00
1.000000365400788294e+00,9.999981039105908520e-01,1.000000032444596343e+00
1.000000357997787193e+00,9.999981541798559359e-01,1.000000031844661574e+00
1.000000350379944836e+00,9.999982033505274703e-01,1.000000031255820154e+00
1.000000342547261223e+00,9.999982514226054553e-01,1.000000030677866913e+00
1.000000334499736354e+00,9.999982983960898908e-01,1.000000030110600457e+00
1.000000326237370452e+00,9.999983442709806658e-01,1.000000029553823389e+00
1.000000317760163515e+00,9.999983890472778914e-01,1.000000029007341418e+00
1.000000309068115767e+00,9.999984327249814564e-01,1.000000028470964475e+00
1.000000300161231426e+00,9.999984753040921381e-01,1.000000027944504932e+00
1.000000291063474656e+00,9.999985168036424898e-01,1.000000027427779381e+00
1.000000281799366952e+00,9.999985572436104198e-01,1.000000026920608409e+00
1.000000272368267717e+00,9.999985966239455237e-01,1.000000026422815269e+00
1.000000262770176951e+00,9.999986349446478018e-01,1.000000025934226544e+00
1.000000253005094653e+00,9.999986722057172539e-01,1.000000025454672148e+00
1.000000243073021045e+00,9.999987084071537691e-01,1.000000024983984881e+00
1.000000232973956127e+00,9.999987435489574583e-01,1.000000024522000874e+00
1.000000222707899900e+00,9.999987776311282106e-01,1.000000024068559146e+00
1.000000212274855693e+00,9.999988106536670252e-01,1.000000023623501155e+00
1.000000201702367697e+00,9.999988426421921872e-01,1.000000023186671916e+00
1.000000191017596851e+00,9.999988736232902076e-01,1.000000022757919771e+00
1.000000180221498836e+00,9.999989035969081286e-01,1.000000022337095285e+00
1.000000169314073650e+00,9.999989325630458392e-01,1.000000021924051907e+00
1.000000158295321517e+00,9.999989605217034505e-01,1.000000021518645754e+00
1.000000147165242659e+00,9.999989874728808514e-01,1.000000021120735605e+00
1.000000135923836853e+00,9.999990134165780420e-01,1.000000020730182904e+00
1.000000124571104543e+00,9.999990383527950222e-01,1.000000020346851315e+00
1.000000113107047728e+00,9.999990622815329022e-01,1.000000019970607168e+00
1.000000101562263266e+00,9.999990852346326564e-01,1.000000019601319234e+00
1.000000089967907568e+00,9.999991072449527785e-01,1.000000019238859394e+00
1.000000078322914598e+00,9.999991283124365360e-01,1.000000018883101305e+00
1.000000066627284356e+00,9.999991484370839290e-01,1.000000018533921065e+00
1.000000054881017064e+00,9.999991676188948464e-01,1.000000018191197215e+00
1.000000043084112722e+00,9.999991858578693993e-01,1.000000017854810075e+00
1.000000031236571330e+00,9.999992031540075876e-01,1.000000017524642626e+00
1.000000019338394441e+00,9.999992195073104106e-01,1.000000017200579627e+00
1.000000007422316983e+00,9.999992349544716275e-01,1.000000016882508058e+00
9.999999955241443139e-01,9.999992495331800901e-01,1.000000016570317563e+00
9.999999836490862659e-01,9.999992632433127859e-01,1.000000016263899338e+00
9.999999717971429503e-01,9.999992760848697149e-01,1.000000015963146582e+00
9.999999599683143670e-01,9.999992880578508769e-01,1.000000015667954489e+00
9.999999481626006270e-01,9.999992991622563832e-01,1.000000015378220475e+00
9.999999363800018415e-01,9.999993093980861225e-01,1.000000015093843286e+00
9.999999246205180103e-01,9.999993187653400950e-01,1.000000014814724114e+00
9.999999128841492446e-01,9.999993272640184117e-01,1.000000014540765481e+00
9.999999011708962104e-01,9.999993348941219606e-01,1.000000014271872129e+00
9.999998895103517915e-01,9.999993416986622252e-01,1.000000014007950355e+00
9.999998779311989328e-01,9.999993477215808335e-01,1.000000013748908234e+00
9.999998664327787168e-01,9.999993529628093958e-01,1.000000013494655615e+00
9.999998550150911436e-01,9.999993574223480231e-01,1.000000013245103903e+00
9.999998436781363242e-01,9.999993611001966043e-01,1.000000013000166055e+00
9.999998324219143697e-01,9.999993639963551395e-01,1.000000012759756807e+00
9.999998212464252800e-01,9.999993661108237397e-01,1.000000012523792448e+00
9.999998101516691662e-01,9.999993674436024049e-01,1.000000012292190821e+00
9.999997991376461393e-01,9.999993679946919123e-01,1.000000012064871324e+00
9.999997882330166066e-01,9.999993678114525997e-01,1.000000011841755132e+00
9.999997774674527218e-01,9.999993669422544418e-01,1.000000011622764085e+00
9.999997668409544849e-01,9.999993653870195010e-01,1.000000011407822020e+00
9.999997563535220069e-01,9.999993631457478882e-01,1.000000011196853889e+00
9.999997460051552878e-01,9.999993602184396035e-01,1.000000010989786414e+00
9.999997357958544386e-01,9.999993566050946470e-01,1.000000010786547211e+00
9.999997257256194594e-01,9.999993523057129075e-01,1.000000010587065669e+00
9.999997157944504611e-01,9.999993473202944960e-01,1.000000010391272287e+00
9.999997060023474438e-01,9.999993416488395237e-01,1.000000010199098677e+00
9.999996963493099633e-01,9.999993352913486566e-01,1.000000010010478668e+00
9.999996868610112610e-01,9.999993283001193944e-01,1.000000009825346536e+00
9.999996775635907609e-01,9.999993207281102636e-01,1.000000009643637222e+00
9.999996684570484629e-01,9.999993125753212642e-01,1.000000009465287665e+00
9.999996595413844780e-01,9.999993038417525071e-01,1.000000009290235470e+00
9.999996508165988063e-01,9.999992945274038814e-01,1.000000009118419797e+00
9.999996422826915587e-01,9.999992846322754980e-01,1.000000008949780694e+00
9.999996339396627354e-01,9.999992741563672460e-01,1.000000008784259542e+00
9.999996257875124472e-01,9.999992630996792364e-01,1.000000008621798608e+00
9.999996178262406943e-01,9.999992514622114692e-01,1.000000008462341272e+00
9.999996100558474765e-01,9.999992392439639444e-01,1.000000008305832022e+00
9.999996024763329050e-01,9.999992264449366619e-01,1.000000008152216457e+00
9.999995950876958695e-01,9.999992130651302880e-01,1.000000008001441731e+00
9.999995879106434726e-01,9.999991991623335963e-01,1.000000007853455664e+00
9.999995809661076374e-01,9.999991847953135782e-01,1.000000007708205629e+00
9.999995742540883636e-01,9.999991699639551035e-01,1.000000007565641003e+00
9.999995677745856515e-01,9.999991546682582833e-01,1.000000007425712267e+00
9.999995615275995009e-01,9.999991389082231175e-01,1.000000007288370574e+00
9.999995555131300229e-01,9.999991226838496061e-01,1.000000007153568182e+00
9.999995497311772175e-01,9.999991059951377492e-01,1.000000007021258019e+00
9.999995441817410846e-01,9.999990888420876578e-01,1.000000006891394122e+00
9.999995388648217354e-01,9.999990712246992208e-01,1.000000006763931193e+00
9.999995337804191697e-01,9.999990531429725493e-01,1.000000006638824823e+00
9.999995289285333877e-01,9.999990345969076433e-01,1.000000006516031270e+00
9.999995243091645003e-01,9.999990155865045027e-01,1.000000006395507901e+00
9.999995199223110642e-01,9.999989961117634607e-01,1.000000006277214082e+00
9.999995157818062363e-01,9.999989762356255030e-01,1.000000006161108734e+00
9.999995119011597655e-01,9.999989560220042817e-01,1.000000006047149892e+00
9.999995082805771540e-01,9.999989354710582257e-01,1.000000005935298031e+00
9.999995049200584019e-01,9.999989145827872239e-01,1.000000005825514293e+00
9.999995018196036201e-01,9.999988933571913874e-01,1.000000005717760265e+00
9.999994989792128086e-01,9.999988717942707162e-01,1.000000005611998422e+00
9.999994963988858565e-01,9.999988498940253212e-01,1.000000005508192125e+00
9.999994940786229858e-01,9.999988276564550915e-01,1.000000005406304959e+00
9.999994920184240854e-01,9.999988050815601381e-01,1.000000005306301620e+00
9.999994902182892664e-01,9.999987821693403500e-01,1.000000005208147025e+00
9.999994886782184178e-01,9.999987589197958382e-01,1.000000005111807200e+00
9.999994873982116506e-01,9.999987353329266027e-01,1.000000005017248395e+00
9.999994863782672994e-01,9.999987114087327544e-01,1.000000004924439301e+00
9.999994856236722462e-01,9.999986872130215421e-01,1.000000004833347722e+00
9.999994851398094076e-01,9.999986628129197141e-01,1.000000004743940352e+00
9.999994849266786723e-01,9.999986382086887282e-01,1.000000004656186103e+00
9.999994849842801514e-01,9.999986134003286953e-01,1.000000004570054557e+00
9.999994853126138450e-01,9.999985883878395043e-01,1.000000004485515515e+00
9.999994859116797530e-01,9.999985631712212664e-01,1.000000004402539444e+00
9.999994867814778754e-01,9.999985377504739814e-01,1.000000004321097702e+00
9.999994879220082122e-01,9.999985121255976495e-01,1.000000004241161644e+00
9.999994893332708745e-01,9.999984862965923815e-01,1.000000004162703515e+00
9.999994910152657512e-01,9.999984602634580666e-01,1.000000004085696004e+00
9.999994929679929534e-01,9.999984340261948157e-01,1.000000004010112242e+00
9.999994951914524810e-01,9.999984075848026288e-01,1.000000003935925807e+00
9.999994976856443341e-01,9.999983809392815060e-01,1.000000003863110942e+00
9.999995004505685126e-01,9.999983540896314471e-01,1.000000003791642333e+00
9.999995034862230181e-01,9.999983270358522303e-01,1.000000003721496888e+00
9.999995067870250942e-01,9.999982998461180994e-01,1.000000003652650182e+00
9.999995103468616309e-01,9.999982725886038537e-01,1.000000003585076236e+00
9.999995141659386855e-01,9.999982452609847972e-01,1.000000003518751956e+00
9.999995182442563690e-01,9.999982178632610408e-01,1.000000003453654029e+00
9.999995225818145705e-01,9.999981903954325846e-01,1.000000003389759806e+00
9.999995271786134010e-01,9.999981628574994286e-01,1.000000003327046860e+00
9.999995320346527494e-01,9.999981352494616837e-01,1.000000003265493653e+00
9.999995371499327268e-01,9.999981075713192391e-01,1.000000003205078425e+00
9.999995425244532221e-01,9.999980798230722057e-01,1.000000003145780303e+00
9.999995481582143464e-01,9.999980520047205834e-01,1.000000003087578415e+00
9.999995540512160996e-01,9.999980241162643724e-01,1.000000003030452778e+00
9.999995602034583708e-01,9.999979961577035725e-01,1.000000002974383184e+00
9.999995666149412710e-01,9.999979681290381839e-01,1.000000002919350317e+00
9.999995732856648001e-01,9.999979400302683175e-01,1.000000002865334858e+00
9.999995802156289582e-01,9.999979118613938622e-01,1.000000002812318156e+00
9.999995874048317468e-01,9.999978836224144851e-01,1.000000002760283557e+00
9.999995948348997521e-01,9.999978553834356632e-01,1.000000002709213298e+00
9.999996024871444789e-01,9.999978272130225498e-01,1.000000002659087395e+00
9.999996103615659271e-01,9.999977991127162458e-01,1.000000002609888305e+00
9.999996184579235114e-01,9.999977710825166399e-01,1.000000002561599155e+00
9.999996267762172319e-01,9.999977431224238433e-01,1.000000002514203068e+00
9.999996353164469776e-01,9.999977152324377450e-01,1.000000002467683391e+00
9.999996440786128593e-01,9.999976874125584558e-01,1.000000002422023915e+00
9.999996530627148772e-01,9.999976596627859760e-01,1.000000002377208652e+00
9.999996622687529202e-01,9.999976319831203053e-01,1.000000002333222060e+00
9.999996716967270993e-01,9.999976043735614439e-01,1.000000002290048817e+00
9.999996813466373036e-01,9.999975768341095028e-01,1.000000002247674047e+00
9.999996912184836440e-01,9.999975493647643709e-01,1.000000002206082650e+00
9.999997013122660094e-01,9.999975219655261593e-01,1.000000002165260415e+00
9.999997116279845111e-01,9.999974946363948680e-01,1.000000002125192911e+00
9.999997221656390378e-01,9.999974673773704970e-01,1.000000002085866146e+00
9.999997329252295897e-01,9.999974401884530462e-01,1.000000002047266578e+00
9.999997439067543903e-01,9.999974130696417385e-01,1.000000002009382660e+00
9.999997550788747303e-01,9.999973860859983077e-01,1.000000001972201513e+00
9.999997664104604000e-01,9.999973593041168174e-01,1.000000001935707816e+00
9.999997779011760013e-01,9.999973327239971566e-01,1.000000001899889135e+00
9.999997895510215340e-01,9.999973063456393252e-01,1.000000001864733035e+00
9.999998013599968871e-01,9.999972801690434343e-01,1.000000001830227081e+00
9.999998133281021717e-01,9.999972541942093729e-01,1.000000001796359284e+00
9.999998254553372767e-01,9.999972284211372520e-01,1.000000001763117874e+00
9.999998377417022022e-01,9.999972028498270715e-01,1.000000001730491306e+00
9.999998501871969481e-01,9.999971774802787206e-01,1.000000001698468033e+00
9.999998627918215144e-01,9.999971523124923101e-01,1.000000001667036953e+00
9.999998755555759011e-01,9.999971273464678401e-01,1.000000001636187186e+00
9.999998884784599973e-01,9.999971025822053106e-01,1.000000001605907851e+00
9.999999015604739139e-01,9.999970780197047215e-01,1.000000001576188513e+00
9.999999148016175399e-01,9.999970536589661840e-01,1.000000001547018735e+00
9.999999282018908753e-01,9.999970294999895870e-01,1.000000001518388304e+00
9.999999417612940311e-01,9.999970055427749305e-01,1.000000001490287449e+00
9.999999554798268964e-01,9.999969817873223255e-01,1.000000001462706178e+00
9.999999693574894710e-01,9.999969582336317719e-01,1.000000001435634722e+00
9.999999833942800898e-01,9.999969348817022707e-01,1.000000001409065975e+00
9.999999975470972302e-01,9.999969117910640914e-01,1.000000001382990611e+00
1.000000011773732655e+00,9.999968890223559503e-01,1.000000001357397528e+00
1.000000026074906456e+00,9.999968665752457797e-01,1.000000001332277844e+00
1.000000040450618632e+00,9.999968444497335796e-01,1.000000001307622899e+00
1.000000054900869184e+00,9.999968226458193499e-01,1.000000001283424034e+00
1.000000069425657889e+00,9.999968011635030907e-01,1.000000001259672811e+00
1.000000084024984970e+00,9.999967800027848019e-01,1.000000001236361014e+00
1.000000098698850204e+00,9.999967591636644837e-01,1.000000001213480427e+00
1.000000113447253813e+00,9.999967386461421359e-01,1.000000001191023058e+00
1.000000128270195576e+00,9.999967184502177586e-01,1.000000001168980912e+00
1.000000143167675493e+00,9.999966985758913518e-01,1.000000001147346440e+00
1.000000158139693784e+00,9.999966790231629155e-01,1.000000001126112092e+00
1.000000173186250230e+00,9.999966597920325606e-01,1.000000001105270542e+00
1.000000188307344828e+00,9.999966408825001762e-01,1.000000001084814460e+00
1.000000203502977358e+00,9.999966222945657623e-01,1.000000001064736743e+00
1.000000218773148042e+00,9.999966040282294300e-01,1.000000001045030285e+00
1.000000234117856879e+00,9.999965860834910680e-01,1.000000001025688423e+00
1.000000249537103647e+00,9.999965684603507876e-01,1.000000001006704053e+00
1.000000265030888569e+00,9.999965511588084777e-01,1.000000000988070958e+00
1.000000280599211422e+00,9.999965341788642492e-01,1.000000000969782255e+00
1.000000296242072428e+00,9.999965175205179913e-01,1.000000000951831947e+00
1.000000311959471366e+00,9.999965011837698148e-01,1.000000000934213373e+00
1.000000327751408236e+00,9.999964851686197198e-01,1.000000000916920762e+00
1.000000343617883036e+00,9.999964694750675953e-01,1.000000000899947894e+00
1.000000359558895768e+00,9.999964541031135523e-01,1.000000000883288775e+00
1.000000375574445322e+00,9.999964390527565916e-01,1.000000000866939409e+00
1.000000391607897443e+00,9.999964243727873514e-01,1.000000000850894022e+00
1.000000407598730989e+00,9.999964101123084426e-01,1.000000000835145508e+00
1.000000423548218498e+00,9.999963962714470966e-01,1.000000000819688317e+00
1.000000439456359747e+00,9.999963828502033136e-01,1.000000000804517342e+00
1.000000455323154958e+00,9.999963698485770935e-01,1.000000000789627030e+00
1.000000471148603909e+00,9.999963572665684364e-01,1.000000000775012277e+00
1.000000486932706600e+00,9.999963451041773421e-01,1.000000000760667751e+00
1.000000502675463032e+00,9.999963333614038108e-01,1.000000000746588791e+00
1.000000518376873204e+00,9.999963220382478424e-01,1.000000000732770289e+00
1.000000534036937117e+00,9.999963111347094369e-01,1.000000000719207360e+00
1.000000549655654547e+00,9.999963006507885943e-01,1.000000000705895342e+00
1.000000565233025718e+00,9.999962905864852036e-01,1.000000000692829571e+00
1.000000580769050407e+00,9.999962809417993759e-01,1.000000000680005385e+00
1.000000596263728836e+00,9.999962717167311110e-01,1.000000000667418565e+00
1.000000611717060783e+00,9.999962629112804091e-01,1.000000000655064447e+00
1.000000627129046249e+00,9.999962545254471591e-01,1.000000000642938813e+00
1.000000642499685233e+00,9.999962465592314720e-01,1.000000000631037445e+00
1.000000657828977735e+00,9.999962390126333478e-01,1.000000000619356344e+00
1.000000673116923533e+00,9.999962318856527865e-01,1.000000000607891293e+00
1.000000688363522849e+00,9.999962251782896772e-01,1.000000000596638294e+00
1.000000703568775462e+00,9.999962188905441307e-01,1.000000000585593352e+00
1.000000718732681593e+00,9.999962130224160362e-01,1.000000000574752690e+00
1.000000733855241020e+00,9.999962075739055045e-01,1.000000000564112534e+00
1.000000748936453743e+00,9.999962025450125358e-01,1.000000000553669111e+00
1.000000763976319762e+00,9.999961979357370190e-01,1.000000000543418643e+00
1.000000778974839077e+00,9.999961937460790651e-01,1.000000000533357802e+00
1.000000793932011689e+00,9.999961899760385631e-01,1.000000000523483035e+00
1.000000808847837375e+00,9.999961866256156240e-01,1.000000000513790788e+00
1.000000823722316357e+00,9.999961836948101368e-01,1.000000000504277731e+00
1.000000838555448412e+00,9.999961811836221015e-01,1.000000000494940533e+00
1.000000853347233543e+00,9.999961790920516291e-01,1.000000000485776086e+00
1.000000868097671747e+00,9.999961774200986087e-01,1.000000000476781059e+00
1.000000882806763247e+00,9.999961761677630401e-01,1.000000000467952344e+00
1.000000897474507600e+00,9.999961753350450344e-01,1.000000000459286831e+00
1.000000912100905026e+00,9.999961749219444807e-01,1.000000000450781412e+00
1.000000926685955527e+00,9.999961749284613788e-01,1.000000000442433201e+00
